{"cameraMode":{"drawMode":0,"name":"Shaded","section":"Shading Mode"},"sceneLighting":false,"audioPlay":false,"sceneViewState":{"m_AlwaysRefresh":false,"showFog":true,"showSkybox":false,"showFlares":true,"showImageEffects":true,"showParticleSystems":true,"showVisualEffectGraphs":true,"m_FxEnabled":true},"in2DMode":false,"pivot":{"x":0.7784440517425537,"y":0.7214761972427368,"z":0.05375957489013672},"rotation":{"x":-0.0007466059178113937,"y":0.995035707950592,"z":-0.011834877543151379,"w":0.08752445131540299},"size":1.4679828882217408,"orthographic":false}