{"cameraMode":{"drawMode":0,"name":"Shaded","section":"Shading Mode"},"sceneLighting":true,"audioPlay":false,"sceneViewState":{"m_AlwaysRefresh":false,"showFog":true,"showSkybox":true,"showFlares":true,"showImageEffects":true,"showParticleSystems":true,"showVisualEffectGraphs":true,"m_FxEnabled":true},"in2DMode":false,"pivot":{"x":540.7366943359375,"y":5.688488483428955,"z":680.6265258789063},"rotation":{"x":-0.06407217681407929,"y":0.1816474199295044,"z":0.009078089147806168,"w":0.9803454875946045},"size":0.7028935551643372,"orthographic":false}