{"cameraMode":{"drawMode":0,"name":"Shaded","section":"Shading Mode"},"sceneLighting":true,"audioPlay":false,"sceneViewState":{"m_AlwaysRefresh":false,"showFog":true,"showSkybox":true,"showFlares":true,"showImageEffects":true,"showParticleSystems":true,"showVisualEffectGraphs":true,"m_FxEnabled":true},"in2DMode":false,"pivot":{"x":444.0641784667969,"y":326.0616149902344,"z":4827.65869140625},"rotation":{"x":-0.0275997593998909,"y":0.0000015445618828380248,"z":-0.000005873843292647507,"w":0.9996380805969238},"size":3215.690185546875,"orthographic":false}