{"cameraMode":{"drawMode":0,"name":"Shaded","section":"Shading Mode"},"sceneLighting":true,"audioPlay":false,"sceneViewState":{"m_AlwaysRefresh":false,"showFog":true,"showSkybox":true,"showFlares":true,"showImageEffects":true,"showParticleSystems":true,"showVisualEffectGraphs":true,"m_FxEnabled":true},"in2DMode":false,"pivot":{"x":543.1981201171875,"y":9.961464881896973,"z":611.0629272460938},"rotation":{"x":0.035175226628780368,"y":0.20596438646316529,"z":-0.00611561955884099,"w":0.9772655367851257},"size":0.7028935551643372,"orthographic":false}