{"cameraMode":{"drawMode":0,"name":"Shaded","section":"Shading Mode"},"sceneLighting":true,"audioPlay":false,"sceneViewState":{"m_AlwaysRefresh":false,"showFog":true,"showSkybox":true,"showFlares":true,"showImageEffects":true,"showParticleSystems":true,"showVisualEffectGraphs":true,"m_FxEnabled":true},"in2DMode":false,"pivot":{"x":550.8158569335938,"y":14.584772109985352,"z":854.6836547851563},"rotation":{"x":0.04198998585343361,"y":0.003379674395546317,"z":0.00005775805766461417,"w":-0.9990261793136597},"size":50.712764739990237,"orthographic":false}