{"cameraMode":{"drawMode":0,"name":"Shaded","section":"Shading Mode"},"sceneLighting":true,"audioPlay":false,"sceneViewState":{"m_AlwaysRefresh":false,"showFog":true,"showSkybox":true,"showFlares":true,"showImageEffects":true,"showParticleSystems":true,"showVisualEffectGraphs":true,"m_FxEnabled":true},"in2DMode":false,"pivot":{"x":422.11029052734377,"y":-39.71075439453125,"z":884.2520751953125},"rotation":{"x":-0.08198899030685425,"y":0.27043086290359499,"z":-0.023836921900510789,"w":-0.9588218331336975},"size":139.9475860595703,"orthographic":false}