{"cameraMode":{"drawMode":0,"name":"Shaded","section":"Shading Mode"},"sceneLighting":true,"audioPlay":false,"sceneViewState":{"m_AlwaysRefresh":false,"showFog":true,"showSkybox":true,"showFlares":true,"showImageEffects":true,"showParticleSystems":true,"showVisualEffectGraphs":true,"m_FxEnabled":true},"in2DMode":false,"pivot":{"x":562.0536499023438,"y":4.801117897033691,"z":716.4065551757813},"rotation":{"x":-0.051269665360450748,"y":0.02455826662480831,"z":-0.0012754095951095224,"w":-0.9983671307563782},"size":3.674234628677368,"orthographic":false}