{"cameraMode":{"drawMode":0,"name":"Shaded","section":"Shading Mode"},"sceneLighting":true,"audioPlay":false,"sceneViewState":{"m_AlwaysRefresh":false,"showFog":true,"showSkybox":true,"showFlares":true,"showImageEffects":true,"showParticleSystems":true,"showVisualEffectGraphs":true,"m_FxEnabled":true},"in2DMode":false,"pivot":{"x":573.4021606445313,"y":3.9273619651794435,"z":648.7405395507813},"rotation":{"x":0.03473396226763725,"y":-0.28800082206726076,"z":0.008437721990048886,"w":0.9559023976325989},"size":3.0269949436187746,"orthographic":false}