{"cameraMode":{"drawMode":0,"name":"Shaded","section":"Shading Mode"},"sceneLighting":false,"audioPlay":false,"sceneViewState":{"m_AlwaysRefresh":false,"showFog":true,"showSkybox":false,"showFlares":true,"showImageEffects":true,"showParticleSystems":true,"showVisualEffectGraphs":true,"m_FxEnabled":true},"in2DMode":false,"pivot":{"x":0.9236977100372315,"y":0.9311088919639587,"z":7.534136772155762},"rotation":{"x":0.10569077730178833,"y":0.7226619124412537,"z":-0.11935681849718094,"w":0.6709907054901123},"size":1.2730190753936768,"orthographic":false}