{"cameraMode":{"drawMode":0,"name":"Shaded","section":"Shading Mode"},"sceneLighting":true,"audioPlay":false,"sceneViewState":{"m_AlwaysRefresh":false,"showFog":true,"showSkybox":true,"showFlares":true,"showImageEffects":true,"showParticleSystems":true,"showVisualEffectGraphs":true,"m_FxEnabled":true},"in2DMode":false,"pivot":{"x":492.32916259765627,"y":3.77547025680542,"z":525.5162963867188},"rotation":{"x":0.006677632220089436,"y":0.9931647181510925,"z":-0.08061406016349793,"w":0.08017323166131973},"size":12.12435531616211,"orthographic":false}