{"cameraMode":{"drawMode":0,"name":"Shaded","section":"Shading Mode"},"sceneLighting":true,"audioPlay":false,"sceneViewState":{"m_AlwaysRefresh":false,"showFog":true,"showSkybox":true,"showFlares":true,"showImageEffects":true,"showParticleSystems":true,"showVisualEffectGraphs":true,"m_FxEnabled":true},"in2DMode":false,"pivot":{"x":479.1475524902344,"y":37.26271057128906,"z":506.9040222167969},"rotation":{"x":0.001320891547948122,"y":0.9917621612548828,"z":-0.12563088536262513,"w":0.004677947144955397},"size":1.4078936576843262,"orthographic":false}