{"cameraMode":{"drawMode":0,"name":"Shaded","section":"Shading Mode"},"sceneLighting":true,"audioPlay":false,"sceneViewState":{"m_AlwaysRefresh":false,"showFog":true,"showSkybox":true,"showFlares":true,"showImageEffects":true,"showParticleSystems":true,"showVisualEffectGraphs":true,"m_FxEnabled":true},"in2DMode":false,"pivot":{"x":479.86639404296877,"y":14.889161109924317,"z":428.5581970214844},"rotation":{"x":0.18614771962165833,"y":-0.7555664777755737,"z":0.24397121369838715,"w":0.5782233476638794},"size":0.000017320508050033823,"orthographic":false}